begin;

drop view if exists public.ranking;

drop function if exists public.get_peer_round_scores(public.round);
drop function if exists public.get_peer_initial();
drop function if exists public.recompute_scores(bigint);
drop function if exists public.guard_prediction_pick_mutation();
drop function if exists public.guard_prediction_mutation();
drop function if exists public.handle_new_user();
drop function if exists public.sync_my_admin_flag(text);
drop function if exists public.effective_status(timestamptz, timestamptz, public.phase_status);
drop function if exists public.is_admin();

drop table if exists public.prediction_phase_submissions cascade;
drop table if exists public.prediction_picks cascade;
drop table if exists public.predictions cascade;
drop table if exists public.official_results cascade;
drop table if exists public.app_settings cascade;
drop table if exists public.match_phase cascade;
drop table if exists public.tournament_matches cascade;
drop table if exists public.teams cascade;
drop table if exists public.profiles cascade;

drop type if exists public.source_type cascade;
drop type if exists public.phase_status cascade;
drop type if exists public.round cascade;

create type public.round as enum ('r32', 'r16', 'qf', 'sf', 'third', 'final');
create type public.phase_status as enum ('locked', 'open', 'closed');
create type public.source_type as enum ('winner', 'loser');

create table public.profiles (
  id uuid primary key references auth.users(id) on delete cascade,
  email text not null unique,
  display_name text not null check (char_length(trim(display_name)) > 0),
  is_admin boolean not null default false,
  created_at timestamptz not null default timezone('utc', now())
);

create table public.teams (
  id bigint generated by default as identity primary key,
  code text not null unique,
  name text not null unique,
  created_at timestamptz not null default timezone('utc', now())
);

create table public.tournament_matches (
  id bigint primary key,
  code text not null unique,
  round public.round not null,
  slot_order integer not null,
  match_date timestamptz not null,
  venue_name text not null,
  home_team_id bigint references public.teams(id) on delete restrict,
  away_team_id bigint references public.teams(id) on delete restrict,
  home_source_match_id bigint references public.tournament_matches(id) on delete restrict,
  home_source_type public.source_type,
  away_source_match_id bigint references public.tournament_matches(id) on delete restrict,
  away_source_type public.source_type,
  check (
    (round = 'r32' and home_team_id is not null and away_team_id is not null)
    or (round <> 'r32' and home_source_match_id is not null and away_source_match_id is not null)
  ),
  check ((home_source_match_id is null) = (home_source_type is null)),
  check ((away_source_match_id is null) = (away_source_type is null))
);

create table public.match_phase (
  round public.round primary key,
  opens_at timestamptz,
  closes_at timestamptz,
  manual_override public.phase_status,
  check (manual_override is null or manual_override <> 'locked')
);

create table public.app_settings (
  id integer primary key default 1 check (id = 1),
  initial_opens_at timestamptz,
  initial_deadline timestamptz,
  initial_override public.phase_status,
  updated_at timestamptz not null default timezone('utc', now()),
  check (initial_override is null or initial_override <> 'locked')
);

create table public.official_results (
  match_id bigint primary key references public.tournament_matches(id) on delete cascade,
  home_score integer not null check (home_score >= 0),
  away_score integer not null check (away_score >= 0),
  advancing_team_id bigint references public.teams(id) on delete set null,
  updated_at timestamptz not null default timezone('utc', now())
);

create table public.predictions (
  id uuid primary key default gen_random_uuid(),
  user_id uuid not null unique references public.profiles(id) on delete cascade,
  is_confirmed boolean not null default false,
  confirmed_at timestamptz,
  total_points integer not null default 0 check (total_points >= 0),
  created_at timestamptz not null default timezone('utc', now()),
  updated_at timestamptz not null default timezone('utc', now())
);

create table public.prediction_picks (
  id uuid primary key default gen_random_uuid(),
  prediction_id uuid not null references public.predictions(id) on delete cascade,
  match_id bigint not null references public.tournament_matches(id) on delete cascade,
  predicted_advancing_team_id bigint references public.teams(id) on delete set null,
  home_score integer check (home_score is null or home_score >= 0),
  away_score integer check (away_score is null or away_score >= 0),
  points integer not null default 0 check (points >= 0),
  created_at timestamptz not null default timezone('utc', now()),
  updated_at timestamptz not null default timezone('utc', now()),
  unique (prediction_id, match_id)
);

create table public.prediction_phase_submissions (
  id uuid primary key default gen_random_uuid(),
  prediction_id uuid not null references public.predictions(id) on delete cascade,
  round public.round not null,
  submitted_at timestamptz not null default timezone('utc', now()),
  unique (prediction_id, round),
  check (round <> 'r32')
);

create or replace function public.is_admin()
returns boolean
language sql
stable
set search_path = public
as $$
  select exists (
    select 1
    from public.profiles
    where id = auth.uid() and is_admin
  );
$$;

create or replace function public.effective_status(
  opens_at timestamptz,
  closes_at timestamptz,
  override public.phase_status default null
)
returns public.phase_status
language sql
stable
as $$
  select case
    when override is not null then override
    when opens_at is null then 'locked'::public.phase_status
    when now() < opens_at then 'locked'::public.phase_status
    when closes_at is not null and now() >= closes_at then 'closed'::public.phase_status
    else 'open'::public.phase_status
  end;
$$;

create or replace function public.handle_new_user()
returns trigger
language plpgsql
security definer
set search_path = public
as $$
begin
  insert into public.profiles (id, email, display_name)
  values (
    new.id,
    new.email,
    coalesce(nullif(trim(new.raw_user_meta_data ->> 'display_name'), ''), split_part(new.email, '@', 1))
  )
  on conflict (id) do update
  set email = excluded.email,
      display_name = excluded.display_name;

  return new;
end;
$$;

create or replace function public.sync_my_admin_flag(admin_email text)
returns boolean
language plpgsql
security definer
set search_path = public
as $$
declare
  changed boolean := false;
begin
  update public.profiles
  set is_admin = lower(email) = lower(admin_email)
  where id = auth.uid()
    and is_admin is distinct from (lower(email) = lower(admin_email));

  changed := found;
  return changed;
end;
$$;

create or replace function public.guard_prediction_mutation()
returns trigger
language plpgsql
set search_path = public
as $$
declare
  total_matches integer;
  filled_teams integer;
  filled_scores integer;
  status public.phase_status;
  settings_row public.app_settings%rowtype;
begin
  new.updated_at := timezone('utc', now());

  if old.is_confirmed and not new.is_confirmed then
    raise exception 'Cannot unconfirm a prediction.';
  end if;

  if not old.is_confirmed and new.is_confirmed then
    select *
    into settings_row
    from public.app_settings
    where id = 1;

    status := public.effective_status(
      settings_row.initial_opens_at,
      settings_row.initial_deadline,
      settings_row.initial_override
    );

    if status <> 'open' then
      raise exception 'Initial prediction window is not open.';
    end if;

    select count(*)
    into total_matches
    from public.tournament_matches;

    select count(*)
    into filled_teams
    from public.prediction_picks
    where prediction_id = new.id
      and predicted_advancing_team_id is not null;

    select count(*)
    into filled_scores
    from public.prediction_picks p
    join public.tournament_matches m on m.id = p.match_id
    where p.prediction_id = new.id
      and m.round = 'r32'
      and p.home_score is not null
      and p.away_score is not null;

    if filled_teams <> total_matches then
      raise exception 'Initial prediction is incomplete.';
    end if;

    if filled_scores <> 16 then
      raise exception 'Round of 32 scores are incomplete.';
    end if;

    new.confirmed_at := timezone('utc', now());
  end if;

  return new;
end;
$$;

create or replace function public.guard_prediction_pick_mutation()
returns trigger
language plpgsql
set search_path = public
as $$
declare
  prediction_row public.predictions%rowtype;
  match_row public.tournament_matches%rowtype;
  phase_row public.match_phase%rowtype;
  current_status public.phase_status;
  round_submitted boolean;
begin
  new.updated_at := timezone('utc', now());

  select *
  into prediction_row
  from public.predictions
  where id = new.prediction_id;

  select *
  into match_row
  from public.tournament_matches
  where id = new.match_id;

  if tg_op = 'INSERT' and match_row.round <> 'r32' and (new.home_score is not null or new.away_score is not null) then
    raise exception 'Later-round scores cannot be inserted during initial creation.';
  end if;

  if tg_op = 'UPDATE' and new.predicted_advancing_team_id is distinct from old.predicted_advancing_team_id and prediction_row.is_confirmed then
    raise exception 'Confirmed team picks cannot be changed.';
  end if;

  if tg_op = 'UPDATE' and (
    new.home_score is distinct from old.home_score
    or new.away_score is distinct from old.away_score
  ) then
    if match_row.round = 'r32' then
      if prediction_row.is_confirmed then
        raise exception 'Round of 32 scores are locked after confirmation.';
      end if;
      return new;
    end if;

    if not prediction_row.is_confirmed then
      raise exception 'Prediction must be confirmed before later scores can be edited.';
    end if;

    select exists (
      select 1
      from public.prediction_phase_submissions
      where prediction_id = new.prediction_id
        and round = match_row.round
    )
    into round_submitted;

    if round_submitted then
      raise exception 'This round has already been submitted.';
    end if;

    select *
    into phase_row
    from public.match_phase
    where round = match_row.round;

    current_status := public.effective_status(
      phase_row.opens_at,
      phase_row.closes_at,
      phase_row.manual_override
    );

    if current_status <> 'open' then
      raise exception 'This round is not open.';
    end if;
  end if;

  return new;
end;
$$;

create or replace function public.recompute_scores(target_match_id bigint)
returns void
language plpgsql
security definer
set search_path = public
as $$
begin
  update public.prediction_picks as picks
  set points = case
      when res.match_id is null then 0
      when picks.home_score is null or picks.away_score is null then 0
      when picks.home_score = res.home_score and picks.away_score = res.away_score then 3
      when sign(picks.home_score - picks.away_score) = sign(res.home_score - res.away_score) then 1
      else 0
    end,
    updated_at = timezone('utc', now())
  from public.official_results res
  where picks.match_id = target_match_id
    and res.match_id = target_match_id;

  update public.predictions as p
  set total_points = coalesce(score_totals.points, 0),
      updated_at = timezone('utc', now())
  from (
    select prediction_id, sum(points) as points
    from public.prediction_picks
    group by prediction_id
  ) as score_totals
  where p.id = score_totals.prediction_id;

  update public.predictions
  set total_points = 0,
      updated_at = timezone('utc', now())
  where id not in (select distinct prediction_id from public.prediction_picks);
end;
$$;

create or replace function public.get_peer_initial()
returns table (
  user_id uuid,
  display_name text,
  has_submitted boolean,
  total_points integer,
  picks jsonb
)
language plpgsql
security definer
set search_path = public
as $$
declare
  my_prediction_id uuid;
  is_allowed boolean;
begin
  select id, is_confirmed
  into my_prediction_id, is_allowed
  from public.predictions
  where user_id = auth.uid();

  if coalesce(is_allowed, false) is false then
    raise exception 'Initial peer visibility is locked.';
  end if;

  return query
  select
    pr.id,
    pr.display_name,
    p.is_confirmed,
    p.total_points,
    case
      when p.is_confirmed then (
        select jsonb_agg(
          jsonb_build_object(
            'match_id', pick.match_id,
            'predicted_advancing_team_id', pick.predicted_advancing_team_id,
            'home_score', case when tm.round = 'r32' then pick.home_score else null end,
            'away_score', case when tm.round = 'r32' then pick.away_score else null end
          )
          order by pick.match_id
        )
        from public.prediction_picks pick
        join public.tournament_matches tm on tm.id = pick.match_id
        where pick.prediction_id = p.id
      )
      else null
    end
  from public.profiles pr
  left join public.predictions p on p.user_id = pr.id
  where pr.id <> auth.uid()
  order by pr.display_name asc;
end;
$$;

create or replace function public.get_peer_round_scores(target_round public.round)
returns table (
  user_id uuid,
  display_name text,
  has_submitted boolean,
  picks jsonb
)
language plpgsql
security definer
set search_path = public
as $$
declare
  my_prediction_id uuid;
  viewer_allowed boolean;
begin
  if target_round = 'r32' then
    raise exception 'Use get_peer_initial for round of 32 visibility.';
  end if;

  select id
  into my_prediction_id
  from public.predictions
  where user_id = auth.uid();

  select exists (
    select 1
    from public.prediction_phase_submissions
    where prediction_id = my_prediction_id
      and round = target_round
  )
  into viewer_allowed;

  if not viewer_allowed then
    raise exception 'Peer visibility for this round is locked.';
  end if;

  return query
  select
    pr.id,
    pr.display_name,
    exists (
      select 1
      from public.prediction_phase_submissions pps
      where pps.prediction_id = p.id
        and pps.round = target_round
    ) as has_submitted,
    case
      when exists (
        select 1
        from public.prediction_phase_submissions pps
        where pps.prediction_id = p.id
          and pps.round = target_round
      ) then (
        select jsonb_agg(
          jsonb_build_object(
            'match_id', pick.match_id,
            'home_score', pick.home_score,
            'away_score', pick.away_score
          )
          order by pick.match_id
        )
        from public.prediction_picks pick
        join public.tournament_matches tm on tm.id = pick.match_id
        where pick.prediction_id = p.id
          and tm.round = target_round
      )
      else null
    end
  from public.profiles pr
  join public.predictions p on p.user_id = pr.id
  where pr.id <> auth.uid()
  order by pr.display_name asc;
end;
$$;

create view public.ranking as
select
  pr.display_name,
  coalesce(p.total_points, 0) as total_points
from public.profiles pr
left join public.predictions p on p.user_id = pr.id
order by coalesce(p.total_points, 0) desc, pr.display_name asc;

create trigger on_auth_user_created
after insert on auth.users
for each row execute function public.handle_new_user();

create trigger guard_predictions_before_update
before update on public.predictions
for each row execute function public.guard_prediction_mutation();

create trigger guard_prediction_picks_before_insert
before insert on public.prediction_picks
for each row execute function public.guard_prediction_pick_mutation();

create trigger guard_prediction_picks_before_update
before update on public.prediction_picks
for each row execute function public.guard_prediction_pick_mutation();

alter table public.profiles enable row level security;
alter table public.teams enable row level security;
alter table public.tournament_matches enable row level security;
alter table public.match_phase enable row level security;
alter table public.app_settings enable row level security;
alter table public.official_results enable row level security;
alter table public.predictions enable row level security;
alter table public.prediction_picks enable row level security;
alter table public.prediction_phase_submissions enable row level security;

create policy "profiles_select_self"
on public.profiles
for select
to authenticated
using (id = auth.uid());

create policy "teams_select_authenticated"
on public.teams
for select
to authenticated
using (true);

create policy "teams_admin_write"
on public.teams
for all
to authenticated
using (public.is_admin())
with check (public.is_admin());

create policy "matches_select_authenticated"
on public.tournament_matches
for select
to authenticated
using (true);

create policy "matches_admin_write"
on public.tournament_matches
for all
to authenticated
using (public.is_admin())
with check (public.is_admin());

create policy "match_phase_select_authenticated"
on public.match_phase
for select
to authenticated
using (true);

create policy "match_phase_admin_write"
on public.match_phase
for all
to authenticated
using (public.is_admin())
with check (public.is_admin());

create policy "app_settings_select_authenticated"
on public.app_settings
for select
to authenticated
using (true);

create policy "app_settings_admin_write"
on public.app_settings
for all
to authenticated
using (public.is_admin())
with check (public.is_admin());

create policy "official_results_select_authenticated"
on public.official_results
for select
to authenticated
using (true);

create policy "official_results_admin_write"
on public.official_results
for all
to authenticated
using (public.is_admin())
with check (public.is_admin());

create policy "predictions_select_self"
on public.predictions
for select
to authenticated
using (user_id = auth.uid());

create policy "predictions_insert_self"
on public.predictions
for insert
to authenticated
with check (user_id = auth.uid());

create policy "predictions_update_self"
on public.predictions
for update
to authenticated
using (user_id = auth.uid())
with check (user_id = auth.uid());

create policy "prediction_picks_select_self"
on public.prediction_picks
for select
to authenticated
using (
  exists (
    select 1
    from public.predictions p
    where p.id = prediction_id
      and p.user_id = auth.uid()
  )
);

create policy "prediction_picks_insert_self"
on public.prediction_picks
for insert
to authenticated
with check (
  exists (
    select 1
    from public.predictions p
    where p.id = prediction_id
      and p.user_id = auth.uid()
  )
);

create policy "prediction_picks_update_self"
on public.prediction_picks
for update
to authenticated
using (
  exists (
    select 1
    from public.predictions p
    where p.id = prediction_id
      and p.user_id = auth.uid()
  )
)
with check (
  exists (
    select 1
    from public.predictions p
    where p.id = prediction_id
      and p.user_id = auth.uid()
  )
);

create policy "prediction_phase_submissions_select_self"
on public.prediction_phase_submissions
for select
to authenticated
using (
  exists (
    select 1
    from public.predictions p
    where p.id = prediction_id
      and p.user_id = auth.uid()
  )
);

create policy "prediction_phase_submissions_insert_self"
on public.prediction_phase_submissions
for insert
to authenticated
with check (
  exists (
    select 1
    from public.predictions p
    where p.id = prediction_id
      and p.user_id = auth.uid()
      and p.is_confirmed
  )
  and exists (
    select 1
    from public.match_phase mp
    where mp.round = round
      and public.effective_status(mp.opens_at, mp.closes_at, mp.manual_override) = 'open'
  )
  and not exists (
    select 1
    from public.prediction_phase_submissions pps
    where pps.prediction_id = prediction_id
      and pps.round = round
  )
  and not exists (
    select 1
    from public.prediction_picks pick
    join public.tournament_matches tm on tm.id = pick.match_id
    where pick.prediction_id = prediction_id
      and tm.round = round
      and (pick.home_score is null or pick.away_score is null)
  )
);

grant select on public.ranking to authenticated;
grant execute on function public.sync_my_admin_flag(text) to authenticated;
grant execute on function public.get_peer_initial() to authenticated;
grant execute on function public.get_peer_round_scores(public.round) to authenticated;
grant execute on function public.recompute_scores(bigint) to authenticated;

insert into public.teams (code, name)
values
  ('ARG', 'Argentina'),
  ('AUS', 'Australia'),
  ('AUT', 'Austria'),
  ('BEL', 'Belgium'),
  ('BIH', 'Bosnia and Herzegovina'),
  ('BRA', 'Brazil'),
  ('CAN', 'Canada'),
  ('CPV', 'Cape Verde'),
  ('CIV', 'Ivory Coast'),
  ('COD', 'DR Congo'),
  ('COL', 'Colombia'),
  ('ECU', 'Ecuador'),
  ('EGY', 'Egypt'),
  ('ENG', 'England'),
  ('ESP', 'Spain'),
  ('FRA', 'France'),
  ('GER', 'Germany'),
  ('GHA', 'Ghana'),
  ('JPN', 'Japan'),
  ('MAR', 'Morocco'),
  ('MEX', 'Mexico'),
  ('NED', 'Netherlands'),
  ('NOR', 'Norway'),
  ('PAR', 'Paraguay'),
  ('POR', 'Portugal'),
  ('RSA', 'South Africa'),
  ('SEN', 'Senegal'),
  ('SUI', 'Switzerland'),
  ('SWE', 'Sweden'),
  ('USA', 'United States'),
  ('DZA', 'Algeria'),
  ('HRV', 'Croatia');

insert into public.tournament_matches (
  id,
  code,
  round,
  slot_order,
  match_date,
  venue_name,
  home_team_id,
  away_team_id,
  home_source_match_id,
  home_source_type,
  away_source_match_id,
  away_source_type
)
values
  (73, 'P73', 'r32', 1, '2026-06-28T19:00:00Z', 'SoFi Stadium, Inglewood', (select id from public.teams where code = 'RSA'), (select id from public.teams where code = 'CAN'), null, null, null, null),
  (74, 'P74', 'r32', 2, '2026-06-29T20:30:00Z', 'Gillette Stadium, Foxborough', (select id from public.teams where code = 'GER'), (select id from public.teams where code = 'PAR'), null, null, null, null),
  (75, 'P75', 'r32', 3, '2026-06-30T01:00:00Z', 'Estadio BBVA, Monterrey', (select id from public.teams where code = 'NED'), (select id from public.teams where code = 'MAR'), null, null, null, null),
  (76, 'P76', 'r32', 4, '2026-06-29T17:00:00Z', 'NRG Stadium, Houston', (select id from public.teams where code = 'BRA'), (select id from public.teams where code = 'JPN'), null, null, null, null),
  (77, 'P77', 'r32', 5, '2026-06-30T21:00:00Z', 'MetLife Stadium, East Rutherford', (select id from public.teams where code = 'FRA'), (select id from public.teams where code = 'SWE'), null, null, null, null),
  (78, 'P78', 'r32', 6, '2026-06-30T17:00:00Z', 'AT&T Stadium, Arlington', (select id from public.teams where code = 'CIV'), (select id from public.teams where code = 'NOR'), null, null, null, null),
  (79, 'P79', 'r32', 7, '2026-07-01T01:00:00Z', 'Estadio Azteca, Mexico City', (select id from public.teams where code = 'MEX'), (select id from public.teams where code = 'ECU'), null, null, null, null),
  (80, 'P80', 'r32', 8, '2026-07-01T16:00:00Z', 'Mercedes-Benz Stadium, Atlanta', (select id from public.teams where code = 'ENG'), (select id from public.teams where code = 'COD'), null, null, null, null),
  (81, 'P81', 'r32', 9, '2026-07-02T00:00:00Z', 'Levi''s Stadium, Santa Clara', (select id from public.teams where code = 'USA'), (select id from public.teams where code = 'BIH'), null, null, null, null),
  (82, 'P82', 'r32', 10, '2026-07-01T20:00:00Z', 'Lumen Field, Seattle', (select id from public.teams where code = 'BEL'), (select id from public.teams where code = 'SEN'), null, null, null, null),
  (83, 'P83', 'r32', 11, '2026-07-02T23:00:00Z', 'BMO Field, Toronto', (select id from public.teams where code = 'POR'), (select id from public.teams where code = 'HRV'), null, null, null, null),
  (84, 'P84', 'r32', 12, '2026-07-02T19:00:00Z', 'SoFi Stadium, Inglewood', (select id from public.teams where code = 'ESP'), (select id from public.teams where code = 'AUT'), null, null, null, null),
  (85, 'P85', 'r32', 13, '2026-07-03T03:00:00Z', 'BC Place, Vancouver', (select id from public.teams where code = 'SUI'), (select id from public.teams where code = 'DZA'), null, null, null, null),
  (86, 'P86', 'r32', 14, '2026-07-03T22:00:00Z', 'Hard Rock Stadium, Miami Gardens', (select id from public.teams where code = 'ARG'), (select id from public.teams where code = 'CPV'), null, null, null, null),
  (87, 'P87', 'r32', 15, '2026-07-04T01:30:00Z', 'Arrowhead Stadium, Kansas City', (select id from public.teams where code = 'COL'), (select id from public.teams where code = 'GHA'), null, null, null, null),
  (88, 'P88', 'r32', 16, '2026-07-03T18:00:00Z', 'AT&T Stadium, Arlington', (select id from public.teams where code = 'AUS'), (select id from public.teams where code = 'EGY'), null, null, null, null),
  (89, 'P89', 'r16', 1, '2026-07-04T21:00:00Z', 'Lincoln Financial Field, Philadelphia', null, null, 74, 'winner', 77, 'winner'),
  (90, 'P90', 'r16', 2, '2026-07-04T17:00:00Z', 'NRG Stadium, Houston', null, null, 73, 'winner', 75, 'winner'),
  (91, 'P91', 'r16', 3, '2026-07-05T20:00:00Z', 'MetLife Stadium, East Rutherford', null, null, 76, 'winner', 78, 'winner'),
  (92, 'P92', 'r16', 4, '2026-07-06T00:00:00Z', 'Estadio Azteca, Mexico City', null, null, 79, 'winner', 80, 'winner'),
  (93, 'P93', 'r16', 5, '2026-07-06T19:00:00Z', 'AT&T Stadium, Arlington', null, null, 83, 'winner', 84, 'winner'),
  (94, 'P94', 'r16', 6, '2026-07-07T00:00:00Z', 'Lumen Field, Seattle', null, null, 81, 'winner', 82, 'winner'),
  (95, 'P95', 'r16', 7, '2026-07-07T16:00:00Z', 'Mercedes-Benz Stadium, Atlanta', null, null, 86, 'winner', 88, 'winner'),
  (96, 'P96', 'r16', 8, '2026-07-07T20:00:00Z', 'BC Place, Vancouver', null, null, 85, 'winner', 87, 'winner'),
  (97, 'P97', 'qf', 1, '2026-07-09T20:00:00Z', 'Gillette Stadium, Foxborough', null, null, 89, 'winner', 90, 'winner'),
  (98, 'P98', 'qf', 2, '2026-07-10T19:00:00Z', 'SoFi Stadium, Inglewood', null, null, 93, 'winner', 94, 'winner'),
  (99, 'P99', 'qf', 3, '2026-07-11T21:00:00Z', 'Hard Rock Stadium, Miami Gardens', null, null, 91, 'winner', 92, 'winner'),
  (100, 'P100', 'qf', 4, '2026-07-12T01:00:00Z', 'Arrowhead Stadium, Kansas City', null, null, 95, 'winner', 96, 'winner'),
  (101, 'P101', 'sf', 1, '2026-07-14T19:00:00Z', 'AT&T Stadium, Arlington', null, null, 97, 'winner', 98, 'winner'),
  (102, 'P102', 'sf', 2, '2026-07-15T19:00:00Z', 'Mercedes-Benz Stadium, Atlanta', null, null, 99, 'winner', 100, 'winner'),
  (103, 'P103', 'third', 1, '2026-07-18T21:00:00Z', 'Hard Rock Stadium, Miami Gardens', null, null, 101, 'loser', 102, 'loser'),
  (104, 'P104', 'final', 1, '2026-07-19T19:00:00Z', 'MetLife Stadium, East Rutherford', null, null, 101, 'winner', 102, 'winner');

insert into public.match_phase (round, opens_at, closes_at, manual_override)
values
  ('r32', null, null, 'open'),
  ('r16', null, null, null),
  ('qf', null, null, null),
  ('sf', null, null, null),
  ('third', null, null, null),
  ('final', null, null, null);

insert into public.app_settings (id, initial_opens_at, initial_deadline, initial_override)
values (1, '2026-06-20T00:00:00Z', '2026-06-28T18:59:00Z', 'open');

commit;
